customer_id,customer_name,city_id
1,Olivia Bennett,1
2,William Carter,1
3,Amelia Collins,1
4,Henry Davidson,1
5,Charlotte Edwards,1
6,George Foster,1
7,Emily Graham,1
8,Thomas Harrison,1
9,Sophia Jenkins,1
10,Daniel Kelly,1
11,Grace Lewis,1
12,Matthew Morgan,1
13,Lily Nelson,1
14,Benjamin Parker,1
15,Chloe Roberts,1
16,Samuel Scott,1
17,Ella Turner,1
18,Joseph Walker,1
19,Mia Watson,1
20,Edward Bailey,1
21,Jessica Cooper,1
22,Charles Richardson,1
23,Hannah Phillips,1
24,Arthur Wood,1
25,Lucy Ward,1
26,Alexander Hughes,1
27,Sophie Price,1
28,David Butler,1
29,Ruby Simmons,1
30,Michael Brooks,1
31,Eva Foster,1
32,Christopher Reed,1
33,Isabelle Cox,1
34,Andrew Murphy,1
35,Alice Powell,1
36,Nicholas Perry,1
37,Molly Barnes,1
38,Jonathan Russell,1
39,Freya Chapman,1
40,Ryan Fisher,2
41,Poppy Dixon,2
42,Adam Matthews,2
43,Daisy Ellis,2
44,Jack Spencer,2
45,Evie Hamilton,2
46,Luke Stevens,2
47,Scarlett Murray,2
48,Nathan Marshall,2
49,Florence Knight,2
50,Peter Holmes,2
51,Holly Armstrong,2
52,Simon West,2
53,Eleanor Gibson,2
54,Aaron Hunter,2
55,Georgia Cole,2
56,Ethan Porter,2
57,Abigail Warren,2
58,Connor Webb,2
59,Jessica Dean,2
60,Isaac Pearson,2
61,Megan Mills,2
62,Leo Hudson,2
63,Rosie Palmer,2
64,Dylan Grant,2
65,Amber Stone,2
66,Robert Chapman,2
67,Natasha Carr,2
68,Kevin Shaw,2
69,Zara Miles,2
70,Dominic Harper,2
71,Paige Bennett,2
72,Oliver Hayes,2
73,Madison Clarke,2
74,Harry Turner,2
75,Faith Dawson,2
76,Louis Kennedy,2
77,Bethany Rice,2
78,Jacob Griffin,2
79,Rebecca Austin,2
80,Jacob Griffin,2
81,Rebecca Austin,2
82,Oscar Bell,3
83,Rachel Hunt,3
84,Mason Boyd,3
85,Caitlin Fox,3
86,Finley Gray,3
87,Nicole Hart,3
88,Cameron Lane,3
89,Leah Ferguson,3
90,Tyler Bishop,3
91,Naomi Cole,3
92,Patrick Mason,3
93,Melissa Drake,3
94,Brandon Cross,3
95,Jasmine Ford,3
96,Callum Owen,3
97,Victoria Mills,3
98,Sebastian Price,3
99,Lauren Hudson,3
100,Nathaniel Brooks,3
101,James Anderson,3
102,Luca Romano,3
103,Sofia Moretti,3
104,Matteo Ricci,3
105,Giulia Ferrari,3
106,Enzo Lombardi,3
107,Francesca Marino,3
108,Gabriel Costa,3
109,Elena Russo,3
110,Hugo Laurent,3
111,Camille Dupont,3
112,Louis Bernard,3
113,Clara Moreau,3
114,Antoine Girard,3
115,Elise Fontaine,3
116,Julien Chevalier,3
117,Margot Simon,3
118,Pierre Lambert,3
119,Amelie Rousseau,3
120,Marc Dubois,3
121,Celine Petit,3
122,Carlos Fernandez,3
123,Lucia Navarro,3
124,Javier Morales,3
125,Carmen Vega,3
126,Diego Herrera,3
127,Alba Castillo,3
128,Sergio Ramos,3
129,Marta Iglesias,3
130,Raul Medina,3
131,Paula Santos,3
132,Miguel Ortega,3
133,Isabel Romero,3
134,Hans Muller,4
135,Anna Schmidt,4
136,Lukas Weber,4
137,Emma Fischer,4
138,Felix Wagner,4
139,Lena Becker,4
140,Jonas Hoffmann,4
141,Marie Keller,4
142,Erik Schneider,4
143,Laura Braun,4
144,Niklas Vogel,4
145,Sophie Kruger,4
146,Jan Novak,4
147,Eva Svoboda,4
148,Tomas Dvorak,4
149,Petra Horak,4
150,Martin Prochazka,4
151,Veronika Krejci,4
152,Aleksander Kowalski,4
153,Zofia Nowak,4
154,Piotr Zielinski,4
155,Katarzyna Wisniewska,4
156,Jakub Wozniak,4
157,Agnieszka Lewandowska,4
158,Michal Kaminski,4
159,Joanna Szymanska,4
160,Robert Jankowski,4
161,Magdalena Wojcik,4
162,Ivan Petrov,4
163,Elena Ivanova,4
164,Dmitri Volkov,4
165,Natalia Smirnova,4
166,Sergei Morozov,4
167,Olga Kuznetsova,4
168,Viktor Sokolov,4
169,Tatiana Popova,4
170,Andrei Orlov,4
171,Marina Lebedeva,4
172,Stefan Popescu,4
173,Bianca Ionescu,4
174,Adrian Dumitru,4
175,Andreea Stan,4
176,Cristian Georgescu,4
177,Ioana Matei,4
178,Radu Marin,4
179,Elena Tudor,4
180,Florin Enache,4
181,Gabriela Pavel,4
182,Nikola Jovanovic,4
183,Milica Petrovic,4
184,Stefan Nikolic,4
185,Jelena Markovic,4
186,Marko Stojanovic,4
187,Ana Pavlovic,4
188,Milan Ilic,4
189,Katarina Zivkovic,4
190,Filip Djokovic,4
191,Teodora Simic,4
192,Oskar Svensson,4
193,Elsa Lindberg,4
194,Gustav Eriksson,4
195,Maja Karlsson,4
196,Axel Johansson,4
197,Linnea Nilsson,4
198,Emil Larsson,4
199,Nora Bergstrom,4
200,Viktor Andersson,4
201,Freja Holm,4
202,Usamma bin Attaal,4
203,Ahmed Al-Farsi,5
204,Fatima Hassan,5
205,Omar Khalid,5
206,Aisha Rahman,5
207,يوسف Al-Harbi,5
208,Layla Mahmoud,5
209,Ibrahim Saeed,5
210,Noor Abdullah,5
211,Hassan Al-Mutairi,5
212,Mariam Qureshi,5
213,Khalid Bin Rashid,5
214,Zainab Karim,5
215,Tariq Al-Salem,5
216,Huda Farooq,5
217,Faisal Al-Qahtani,5
218,Reem Nasser,5
219,Abdulrahman Siddiq,5
220,Yasmin Jaber,5
221,Mahmoud Al-Hassan,5
222,Salma Tariq,5
223,Ali Bin Hamad,5
224,Sara Al-Amiri,5
225,Mustafa Kareem,5
226,Dina Al-Sayed,5
227,Bilal Nadeem,5
228,Rania Shakir,5
229,Hamza Al-Zahrani,5
230,Amal Bashir,5
231,Saif Al-Din,5
232,Farah Khoury,5
233,Abdullah Al-Mansoori,5
234,Lina Habib,5
235,Sami Al-Hakim,5
236,Nada Fouad,5
237,Youssef El-Masri,5
238,Maha Zaki,5
239,Karim Abdelrahman,5
240,Heba Mostafa,5
241,Adnan Al-Khatib,5
242,Samar Hussein,5
243,Talal Bin Saud,5
244,Iman Rashid,5
245,Nasser Al-Ghamdi,5
246,Wafa Sharif,5
247,Jalal Mahmood,5
248,Bushra Anwar,5
249,Rami Al-Najjar,5
250,Amal Yasin,5
251,Zaid Al-Harthi,5
252,Khadija Latif,5
253,Imran Alvi,5
254,Maryam Siddiqui,5
255,Taha Jamil,5
256,Sumaiya Noor,5
257,Rashid Al-Fahad,5
258,Nadia Akhtar,5
259,Waleed Abbas,5
260,Hafsa Tariq,5
261,Salman Al-Rashid,5
262,Sidra Hameed,5
263,Anas Karim,5
264,Noreen Bashir,5
265,Faisal Mahmood,5
266,Amina Yousuf,5
267,Haris Sheikh,5
268,Rabia Khalid,5
269,Danish Rauf,5
270,Mahnoor Iqbal,5
271,Ammar Zubair,6
272,Iqra Naveed,6
273,Talha Saeed,6
274,Mehwish Aslam,6
275,Shahzaib Farooq,6
276,Komal Riaz,6
277,Saad Ahmed,6
278,Rimsha Javed,6
279,Hamad Qasim,6
280,Alina Tariq,6
281,Fahad Hussain,6
282,Hira Mahmood,6
283,Zubair Anwar,6
284,Eman Khalil,6
285,Abdul Basit,6
286,Sanaullah Khan,6
287,Laiba Arif,6
288,Mohsin Raza,6
289,Sehrish Noor,6
290,Naveed Akram,6
291,Bisma Ilyas,6
292,Owais Latif,6
293,Areeba Waqar,6
294,Qasim Ali,6
295,Anaya Siddiq,6
296,Haroon Jamil,6
297,Saba Younis,6
298,Riaz Ahmed,7
299,Dua Nadeem,7
300,Asad Rehman,7
301,Noor Fatima,7
302,Junaid Akhtar,7
303,Farooq Ayub,7
304,Muhammad Usman,7
305,Ayesha Khan,7
306,Ali Raza,7
307,Fatima Noor,7
308,Hassan Ali,7
309,Hina Shah,7
310,Bilal Ahmed,7
311,Sana Malik,7
312,Umar Farooq,7
313,Rabia Siddiqui,7
314,Saad Hussain,7
315,Maham Tariq,7
316,Hamza Sheikh,7
317,Komal Iqbal,7
318,Fahad Khan,7
319,Mehak Aslam,8
320,Danish Malik,8
321,Laiba Tariq,8
322,Talha Ahmed,8
323,Iqra Khalid,8
324,Shahbaz Ali,8
325,Alishba Noor,8
326,Salman Butt,8
327,Minal Khan,8
328,Haris Rauf,8
329,Areej Fatima,8
330,Zain Ul Abideen,8
331,Nimra Javed,8
332,Farhan Qureshi,8
333,Hoorain Ali,8
334,Taimoor Shah,8
335,Sobia Ahmed,8
336,Waqas Akhtar,8
337,Sidra Ilyas,8
338,Noman Raza,8
339,Esha Noor,8
340,Kamran Malik,8
341,Aiman Tariq,8
342,Adnan Sheikh,9
343,Kiran Abbas,9
344,Imran Yousaf,9
345,Bisma Tariq,9
346,Yasir Mahmood,9
347,Sehrish Khan,9
348,Sohail Ahmed,9
349,Mahwish Ali,9
350,Rizwan Asif,9
351,Saira Bano,9
352,Khalil Ur Rehman,9
353,Hiba Noor,9
354,Arslan Haider,9
355,Nida Fatima,9
356,Jibran Ahmed,9
357,Zara Hussain,9
358,Zeeshan Malik,9
359,Momina Sheikh,9
360,Faisal Iqbal,9
361,Arooba Khan,9
362,Kashif Ali,9
363,Hania Raza,9
364,Mudassir Hussain,9
365,Muskan Tariq,9
366,Rehan Qadir,9
367,Saman Fatima,9
368,Azhar Mahmood,9
369,Rameen Asif,9
370,Waqar Ahmed,10
371,Huma Khan,10
372,Naveed Iqbal,10
373,Emaan Tariq,10
374,Sheryar Ali,10
375,Mariam Faisal,10
376,Javed Akram,10
377,Mahnoor Khan,10
378,Tahir Mehmood,10
379,Noor Ul Ain,10
380,Qaiser Abbas,10
381,Amna Sheikh,10
382,Sajid Hussain,10
383,Kinza Tariq,10
384,Adeel Ahmed,10
385,Hifza Noor,10
386,Rashid Latif,10
387,Aleena Malik,10
388,Asif Nawaz,10
389,Bushra Iqbal,10
390,Tariq Mahmood,10
391,Fiza Khan,10
392,Irfan Ali,10
393,Abeer Fatima,10
394,Shahid Raza,10
395,Tania Hussain,10
396,Pervez Akhtar,10
397,Madiha Noor,11
398,Jawad Karim,11
399,Hafsa Ali,11
400,Nasir Abbas,11
401,Dua Fatima,11
402,Iftikhar Ahmed,11
403,Sania Khan,11
404,Mixed International Names,11
405,Ethan Wilson,11
406,Sophia Martin,11
407,Liam Walker,11
408,Isabella Young,11
409,Noah Evans,11
410,Ava Parker,11
411,Mason Hall,11
412,Emily Turner,11
413,Logan Adams,11
414,Grace Hill,11
415,Elijah Green,11
416,Scarlett Baker,11
417,Jacob Nelson,11
418,Lily Carter,12
419,Benjamin Mitchell,12
420,Zoe Phillips,12
421,Samuel Roberts,12
422,Hannah Cooper,12
423,Daniel Perez,12
424,Chloe Diaz,12
425,Julian Silva,12
426,Elena Torres,12
427,Marco Rossi,12
428,Valentina Bianchi,12
429,Stefan Ivanov,12
430,Katarina Petrova,12
431,Ahmed Nabil,12
432,Yasmeen Ali,12
433,Omar Faris,12
434,Lina Khaled,12
435,Mustafa Rahim,12
436,Noor Salman,12
437,Tariq Javed,12
438,Amina Bashir,12
439,Salman Sheikh,12
440,Huda Qasim,12
441,Bilal Saifi,12
442,Mehwish Tariq,12
443,Ali Hamdan,12
444,Sarah Mahmood,12
445,Rayan Siddiqui,12
446,Zoya Malik,12
447,Yusuf Chaudhry,12
448,Inaya Ahmed,12
449,Hamad Latif,12
450,Aliza Khan,12
451,Kareem Abdullah,12
452,Sana Rehman,12
453,Ibrahim Tariq,13
454,Maryam Saeed,13
455,George Williams,13
456,Charlotte Moore,13
457,Henry Taylor,13
458,Amelia Scott,13
459,Arthur White,13
460,Ella Harris,13
461,Leo King,13
462,Ruby Green,13
463,Oscar Ward,13
464,Sophie Brooks,13
465,Victor Laurent,13
466,Clara Morel,13
467,Matteo Esposito,13
468,Gianna Romano,13
469,Lukas Steiner,13
470,Mia Hoffmann,13
471,Jan Kowalczyk,13
472,Anna Zielinska,13
473,Sergei Antonov,13
474,Olga Romanova,13
475,Faisal Kareem,13
476,Reem Abdullah,13
477,Saif Rahman,14
478,Farah Yousuf,14
479,Adil Hussain,14
480,Hina Malik,14
481,Naveed Chaudhry,14
482,Iram Sheikh,14
483,Haroon Qazi,14
484,Uzma Tariq,14
485,Zain Ahmed,14
486,Mahira Khan,14
487,Taha Siddiqui,14
488,Rimsha Ali,14
489,Usman Rauf,14
490,Anum Iqbal,14
491,Faizan Malik,14
492,Ayesha Noor,14
493,Shayan Ahmed,14
494,Kainat Fatima,14
495,Danish Tariq,14
496,Sumbul Khan,14
497,Rehan Akbar,14